{
  "cadence": {
    "mean": 95.69622091320201,
    "std": 5.742612871011088,
    "p5": 87.87711564871697,
    "p25": 90.26111028741576,
    "p75": 100.5333393223932,
    "p95": 104.19571403104928,
    "min": 86.19057161297185,
    "max": 105.03633637856696,
    "n_samples": 16
  },
  "velocity": {
    "mean": 1.354375,
    "std": 0.15507936476204692,
    "p5": 1.1199999999999999,
    "p25": 1.3125,
    "p75": 1.47,
    "p95": 1.54,
    "min": 0.91,
    "max": 1.54,
    "n_samples": 16
  },
  "stride_length": {
    "mean": 1.705471790386171,
    "std": 0.2201517917869329,
    "p5": 1.3447751979442004,
    "p25": 1.6607883644386516,
    "p75": 1.809700397106284,
    "p95": 1.9670031912593324,
    "min": 1.0605952570335064,
    "max": 2.0482603844186213,
    "n_samples": 16
  },
  "gait_symmetry": {
    "mean": 0.9155025231846124,
    "std": 0.05736438447764682,
    "p5": 0.8512743910772922,
    "p25": 0.8745211934481774,
    "p75": 0.9772756198126218,
    "p95": 0.995821998919483,
    "min": 0.8065667308322151,
    "max": 0.9961122531134179,
    "n_samples": 16
  },
  "step_regularity": {
    "mean": 0.5920384200804474,
    "std": 0.01094636606595449,
    "p5": 0.5769402126319869,
    "p25": 0.5840960278080828,
    "p75": 0.5983829983396071,
    "p95": 0.6108904676744455,
    "min": 0.5762714716758035,
    "max": 0.6136509474997981,
    "n_samples": 16
  },
  "stability_score": {
    "mean": 0.536042135844347,
    "std": 0.009746967049965959,
    "p5": 0.517138873420402,
    "p25": 0.5325836088101219,
    "p75": 0.5417904866461433,
    "p95": 0.5484666768325629,
    "min": 0.5150724476752429,
    "max": 0.5527275497367,
    "n_samples": 16
  }
}